-- MySQL Script generated by MySQL Workbench
-- Wed May 23 15:40:44 2018
-- Model: New Model    Version: 1.0
-- MySQL Workbench Forward Engineering

SET @OLD_UNIQUE_CHECKS=@@UNIQUE_CHECKS, UNIQUE_CHECKS=0;
SET @OLD_FOREIGN_KEY_CHECKS=@@FOREIGN_KEY_CHECKS, FOREIGN_KEY_CHECKS=0;
SET @OLD_SQL_MODE=@@SQL_MODE, SQL_MODE='TRADITIONAL,ALLOW_INVALID_DATES';

-- -----------------------------------------------------
-- Schema virtual_library
-- -----------------------------------------------------

-- -----------------------------------------------------
-- Schema virtual_library
-- -----------------------------------------------------
CREATE SCHEMA IF NOT EXISTS `virtual_library` DEFAULT CHARACTER SET utf8 ;
USE `virtual_library` ;

-- -----------------------------------------------------
-- Table `virtual_library`.`authors`
-- -----------------------------------------------------
DROP TABLE IF EXISTS `virtual_library`.`authors` ;

CREATE TABLE IF NOT EXISTS `virtual_library`.`authors` (
  `idauthors` INT(11) NOT NULL AUTO_INCREMENT,
  `name` VARCHAR(45) NOT NULL,
  `last_name` VARCHAR(45) NOT NULL,
  `birth_date` VARCHAR(45) NULL DEFAULT NULL,
  PRIMARY KEY (`idauthors`))
ENGINE = InnoDB
AUTO_INCREMENT = 4
DEFAULT CHARACTER SET = utf8;


-- -----------------------------------------------------
-- Table `virtual_library`.`users`
-- -----------------------------------------------------
DROP TABLE IF EXISTS `virtual_library`.`users` ;

CREATE TABLE IF NOT EXISTS `virtual_library`.`users` (
  `idusers` INT(11) NOT NULL AUTO_INCREMENT,
  `email` VARCHAR(45) NOT NULL,
  `password` VARCHAR(45) NOT NULL,
  `sex` ENUM('F', 'M') NULL DEFAULT NULL,
  `username` VARCHAR(45) NULL DEFAULT NULL,
  PRIMARY KEY (`idusers`),
  UNIQUE INDEX `email_UNIQUE` (`email` ASC))
ENGINE = InnoDB
DEFAULT CHARACTER SET = utf8;


-- -----------------------------------------------------
-- Table `virtual_library`.`marks`
-- -----------------------------------------------------
DROP TABLE IF EXISTS `virtual_library`.`marks` ;

CREATE TABLE IF NOT EXISTS `virtual_library`.`marks` (
  `idmarks` INT(11) NOT NULL AUTO_INCREMENT,
  `value` TINYINT(1) NOT NULL,
  PRIMARY KEY (`idmarks`),
  UNIQUE INDEX `value_UNIQUE` (`value` ASC))
ENGINE = InnoDB
DEFAULT CHARACTER SET = utf8;


-- -----------------------------------------------------
-- Table `virtual_library`.`categories`
-- -----------------------------------------------------
DROP TABLE IF EXISTS `virtual_library`.`categories` ;

CREATE TABLE IF NOT EXISTS `virtual_library`.`categories` (
  `idcategories` INT(11) NOT NULL AUTO_INCREMENT,
  `name` VARCHAR(45) NULL DEFAULT NULL,
  PRIMARY KEY (`idcategories`))
ENGINE = InnoDB
DEFAULT CHARACTER SET = utf8;


-- -----------------------------------------------------
-- Table `virtual_library`.`books`
-- -----------------------------------------------------
DROP TABLE IF EXISTS `virtual_library`.`books` ;

CREATE TABLE IF NOT EXISTS `virtual_library`.`books` (
  `idbooks` INT(11) NOT NULL AUTO_INCREMENT,
  `idauthors` INT(11) NOT NULL,
  `title` VARCHAR(45) NOT NULL,
  `publish_date` DATE NOT NULL,
  `ID_NUMBER` VARCHAR(45) NOT NULL,
  `publisher` VARCHAR(45) NULL,
  `add_date` TIMESTAMP NULL DEFAULT CURRENT_TIMESTAMP,
  `synopsis` MEDIUMTEXT NOT NULL,
  `image` VARCHAR(60) NOT NULL,
  `text` VARCHAR(60) NULL DEFAULT NULL,
  `idcategories` INT(11) NOT NULL,
  `original_title` VARCHAR(45) NOT NULL,
  `language` VARCHAR(45) NOT NULL,
  PRIMARY KEY (`idbooks`),
  INDEX `B_1_idx` (`idauthors` ASC),
  INDEX `B_3_idx` (`idcategories` ASC),
  CONSTRAINT `B_1`
    FOREIGN KEY (`idauthors`)
    REFERENCES `virtual_library`.`authors` (`idauthors`)
    ON DELETE NO ACTION
    ON UPDATE NO ACTION,
  CONSTRAINT `B_3`
    FOREIGN KEY (`idcategories`)
    REFERENCES `virtual_library`.`categories` (`idcategories`)
    ON DELETE NO ACTION
    ON UPDATE NO ACTION)
ENGINE = InnoDB
DEFAULT CHARACTER SET = utf8;


-- -----------------------------------------------------
-- Table `virtual_library`.`book_marks`
-- -----------------------------------------------------
DROP TABLE IF EXISTS `virtual_library`.`book_marks` ;

CREATE TABLE IF NOT EXISTS `virtual_library`.`book_marks` (
  `idbook_marks` INT(11) NOT NULL AUTO_INCREMENT,
  `idbooks` INT(11) NOT NULL,
  `idmarks` INT(11) NOT NULL,
  `idusers` INT(11) NULL,
  `date` TIMESTAMP NULL DEFAULT CURRENT_TIMESTAMP,
  PRIMARY KEY (`idbook_marks`),
  INDEX `BM_1_idx` (`idusers` ASC),
  INDEX `BM_2_idx` (`idmarks` ASC),
  INDEX `BM_3_idx` (`idbooks` ASC),
  CONSTRAINT `BM_1`
    FOREIGN KEY (`idusers`)
    REFERENCES `virtual_library`.`users` (`idusers`)
    ON DELETE NO ACTION
    ON UPDATE NO ACTION,
  CONSTRAINT `BM_2`
    FOREIGN KEY (`idmarks`)
    REFERENCES `virtual_library`.`marks` (`idmarks`)
    ON DELETE NO ACTION
    ON UPDATE NO ACTION,
  CONSTRAINT `BM_3`
    FOREIGN KEY (`idbooks`)
    REFERENCES `virtual_library`.`books` (`idbooks`)
    ON DELETE NO ACTION
    ON UPDATE NO ACTION)
ENGINE = InnoDB
DEFAULT CHARACTER SET = utf8;


-- -----------------------------------------------------
-- Table `virtual_library`.`series`
-- -----------------------------------------------------
DROP TABLE IF EXISTS `virtual_library`.`series` ;

CREATE TABLE IF NOT EXISTS `virtual_library`.`series` (
  `idseries` INT(11) NOT NULL AUTO_INCREMENT,
  `series_name` VARCHAR(45) NOT NULL,
  `idauthors` INT(11) NOT NULL,
  `how_many_in_series` TINYINT(1) NULL DEFAULT NULL,
  PRIMARY KEY (`idseries`),
  INDEX `S_1_idx` (`idauthors` ASC),
  CONSTRAINT `S_1`
    FOREIGN KEY (`idauthors`)
    REFERENCES `virtual_library`.`authors` (`idauthors`)
    ON DELETE NO ACTION
    ON UPDATE NO ACTION)
ENGINE = InnoDB
DEFAULT CHARACTER SET = utf8;


-- -----------------------------------------------------
-- Table `virtual_library`.`book_series`
-- -----------------------------------------------------
DROP TABLE IF EXISTS `virtual_library`.`book_series` ;

CREATE TABLE IF NOT EXISTS `virtual_library`.`book_series` (
  `idbook_series` INT(11) NOT NULL AUTO_INCREMENT,
  `idseries` INT(11) NOT NULL,
  `idbooks` INT(11) NOT NULL,
  `vol_in_series` TINYINT(1) NOT NULL,
  PRIMARY KEY (`idbook_series`),
  INDEX `BS_1_idx` (`idseries` ASC),
  INDEX `BS_2_idx` (`idbooks` ASC),
  CONSTRAINT `BS_1`
    FOREIGN KEY (`idseries`)
    REFERENCES `virtual_library`.`series` (`idseries`)
    ON DELETE NO ACTION
    ON UPDATE NO ACTION,
  CONSTRAINT `BS_2`
    FOREIGN KEY (`idbooks`)
    REFERENCES `virtual_library`.`books` (`idbooks`)
    ON DELETE CASCADE
    ON UPDATE CASCADE)
ENGINE = InnoDB
DEFAULT CHARACTER SET = utf8;


-- -----------------------------------------------------
-- Table `virtual_library`.`status`
-- -----------------------------------------------------
DROP TABLE IF EXISTS `virtual_library`.`status` ;

CREATE TABLE IF NOT EXISTS `virtual_library`.`status` (
  `idstatus` INT(11) NOT NULL AUTO_INCREMENT,
  `status` VARCHAR(45) NOT NULL,
  PRIMARY KEY (`idstatus`),
  UNIQUE INDEX `status_UNIQUE` (`status` ASC))
ENGINE = InnoDB
DEFAULT CHARACTER SET = utf8;


-- -----------------------------------------------------
-- Table `virtual_library`.`book_status`
-- -----------------------------------------------------
DROP TABLE IF EXISTS `virtual_library`.`book_status` ;

CREATE TABLE IF NOT EXISTS `virtual_library`.`book_status` (
  `idbook_status` INT(11) NOT NULL AUTO_INCREMENT,
  `idbooks` INT(11) NOT NULL,
  `idusers` INT(11) NOT NULL,
  `idstatus` INT(11) NOT NULL,
  `page_number` INT(11) NULL DEFAULT NULL,
  `last_used` TIMESTAMP(0) NULL DEFAULT CURRENT_TIMESTAMP,
  PRIMARY KEY (`idbook_status`),
  INDEX `BSTAT_1_idx` (`idstatus` ASC),
  INDEX `BSTAT_2_idx` (`idbooks` ASC),
  INDEX `BSTAT_3_idx` (`idusers` ASC),
  CONSTRAINT `BSTAT_1`
    FOREIGN KEY (`idstatus`)
    REFERENCES `virtual_library`.`status` (`idstatus`)
    ON DELETE NO ACTION
    ON UPDATE NO ACTION,
  CONSTRAINT `BSTAT_2`
    FOREIGN KEY (`idbooks`)
    REFERENCES `virtual_library`.`books` (`idbooks`)
    ON DELETE NO ACTION
    ON UPDATE NO ACTION,
  CONSTRAINT `BSTAT_3`
    FOREIGN KEY (`idusers`)
    REFERENCES `virtual_library`.`users` (`idusers`)
    ON DELETE NO ACTION
    ON UPDATE NO ACTION)
ENGINE = InnoDB
DEFAULT CHARACTER SET = utf8;

USE `virtual_library` ;

-- -----------------------------------------------------
-- Placeholder table for view `virtual_library`.`book_author_category`
-- -----------------------------------------------------
CREATE TABLE IF NOT EXISTS `virtual_library`.`book_author_category` (`book_id` INT, `title` INT, `original_title` INT, `publish_date` INT, `ID` INT, `publisher` INT, `synopsis` INT, `language` INT, `image` INT, `text` INT, `author` INT, `author_id` INT, `category` INT, `category_id` INT);

-- -----------------------------------------------------
-- Placeholder table for view `virtual_library`.`book_info`
-- -----------------------------------------------------
CREATE TABLE IF NOT EXISTS `virtual_library`.`book_info` (`book_id` INT, `title` INT, `original_title` INT, `publish_date` INT, `publisher` INT, `ISBN` INT, `language` INT, `image` INT, `synopsis` INT, `text` INT, `author` INT, `author_id` INT, `series` INT, `series_id` INT, `category` INT, `category_id` INT, `total_marks_num` INT, `avg_mark` INT, `how_many_in_series` INT, `vol_in_series` INT);

-- -----------------------------------------------------
-- Placeholder table for view `virtual_library`.`book_series_view`
-- -----------------------------------------------------
CREATE TABLE IF NOT EXISTS `virtual_library`.`book_series_view` (`book_id` INT, `series_id` INT, `series` INT, `how_many_in_series` INT, `vol_in_series` INT);

-- -----------------------------------------------------
-- Placeholder table for view `virtual_library`.`book_totalMarks_avgMark`
-- -----------------------------------------------------
CREATE TABLE IF NOT EXISTS `virtual_library`.`book_totalMarks_avgMark` (`book_id` INT, `total_marks_num` INT, `avg_mark` INT);

-- -----------------------------------------------------
-- View `virtual_library`.`book_author_category`
-- -----------------------------------------------------
DROP VIEW IF EXISTS `virtual_library`.`book_author_category` ;
DROP TABLE IF EXISTS `virtual_library`.`book_author_category`;
USE `virtual_library`;
CREATE 
     OR REPLACE ALGORITHM = UNDEFINED 
    DEFINER = `root`@`localhost` 
    SQL SECURITY DEFINER
VIEW `virtual_library`.`book_author_category` AS
    SELECT 
        `virtual_library`.`books`.`idbooks` AS `book_id`,
        `virtual_library`.`books`.`title` AS `title`,
        `virtual_library`.`books`.`original_title` AS `original_title`,
        `virtual_library`.`books`.`publish_date` AS `publish_date`,
        `virtual_library`.`books`.`ID_NUMBER` AS `ID`,
        `virtual_library`.`books`.`publisher` AS `publisher`,
        `virtual_library`.`books`.`synopsis` AS `synopsis`,
        `virtual_library`.`books`.`language` AS `language`,
        `virtual_library`.`books`.`image` AS `image`,
        `virtual_library`.`books`.`text` AS `text`,
        CONCAT(`virtual_library`.`authors`.`name`,
                ' ',
                `virtual_library`.`authors`.`last_name`) AS `author`,
        `virtual_library`.`authors`.`idauthors` AS `author_id`,
        `virtual_library`.`categories`.`name` AS `category`,
        `virtual_library`.`categories`.`idcategories` AS `category_id`
    FROM
        (((`virtual_library`.`books`
        LEFT JOIN `virtual_library`.`authors` ON ((`virtual_library`.`authors`.`idauthors` = `virtual_library`.`books`.`idauthors`)))
        LEFT JOIN `virtual_library`.`categories` ON ((`virtual_library`.`categories`.`idcategories` = `virtual_library`.`books`.`idcategories`)))
        LEFT JOIN `virtual_library`.`book_series` ON ((`virtual_library`.`book_series`.`idbooks` = `virtual_library`.`books`.`idbooks`)));

-- -----------------------------------------------------
-- View `virtual_library`.`book_info`
-- -----------------------------------------------------
DROP VIEW IF EXISTS `virtual_library`.`book_info` ;
DROP TABLE IF EXISTS `virtual_library`.`book_info`;
USE `virtual_library`;
CREATE 
     OR REPLACE ALGORITHM = UNDEFINED 
    DEFINER = `root`@`localhost` 
    SQL SECURITY DEFINER
VIEW `virtual_library`.`book_info` AS
    SELECT 
        `book_author_category`.`book_id` AS `book_id`,
        `book_author_category`.`title` AS `title`,
		`book_author_category`.`original_title` AS `original_title`,
        `book_author_category`.`publish_date` AS `publish_date`,
        `book_author_category`.`publisher` AS `publisher`,
        `book_author_category`.`ID` AS `ISBN`,
        `book_author_category`.`language` AS `language`,
        `book_author_category`.`image` AS `image`,
        `book_author_category`.`synopsis` AS `synopsis`,
        `book_author_category`.`text` AS `text`,
        `book_author_category`.`author` AS `author`,
        `book_author_category`.`author_id` AS `author_id`,
        `book_series_view`.`series` AS `series`,
        `book_series_view`.`series_id` AS `series_id`,
        `book_author_category`.`category` AS `category`,
        `book_author_category`.`category_id` AS `category_id`,
        `book_totalMarks_avgMark`.`total_marks_num` AS `total_marks_num`,
        `book_totalMarks_avgMark`.`avg_mark` AS `avg_mark`,
		`book_series_view`.`how_many_in_series` AS `how_many_in_series`,
        `book_series_view`.`vol_in_series` AS `vol_in_series`
    FROM
        ((`virtual_library`.`book_author_category`
        JOIN `virtual_library`.`book_series_view` ON ((`book_series_view`.`book_id` = `book_author_category`.`book_id`)))
        JOIN `virtual_library`.`book_totalMarks_avgMark` ON ((`book_totalMarks_avgMark`.`book_id` = `book_author_category`.`book_id`)));

-- -----------------------------------------------------
-- View `virtual_library`.`book_series_view`
-- -----------------------------------------------------
DROP VIEW IF EXISTS `virtual_library`.`book_series_view` ;
DROP TABLE IF EXISTS `virtual_library`.`book_series_view`;
USE `virtual_library`;
CREATE 
     OR REPLACE ALGORITHM = UNDEFINED 
    DEFINER = `root`@`localhost` 
    SQL SECURITY DEFINER
VIEW `virtual_library`.`book_series_view` AS
    SELECT 
        `virtual_library`.`books`.`idbooks` AS `book_id`,
        `virtual_library`.`series`.`idseries` AS `series_id`,
        `virtual_library`.`series`.`series_name` AS `series`,
        `virtual_library`.`series`.`how_many_in_series` AS `how_many_in_series`,
        `virtual_library`.`book_series`.`vol_in_series` AS `vol_in_series`
       		
    FROM
        ((`virtual_library`.`books`
        LEFT JOIN `virtual_library`.`book_series` ON ((`virtual_library`.`book_series`.`idbooks` = `virtual_library`.`books`.`idbooks`)))
        LEFT JOIN `virtual_library`.`series` ON ((`virtual_library`.`book_series`.`idseries` = `virtual_library`.`series`.`idseries`)));

-- -----------------------------------------------------
-- View `virtual_library`.`book_totalMarks_avgMark`
-- -----------------------------------------------------
DROP VIEW IF EXISTS `virtual_library`.`book_totalMarks_avgMark` ;
DROP TABLE IF EXISTS `virtual_library`.`book_totalMarks_avgMark`;
USE `virtual_library`;
CREATE 
     OR REPLACE ALGORITHM = UNDEFINED 
    DEFINER = `root`@`localhost` 
    SQL SECURITY DEFINER
VIEW `virtual_library`.`book_totalMarks_avgMark` AS
    SELECT 
        `virtual_library`.`books`.`idbooks` AS `book_id`,
        COUNT(0) AS `total_marks_num`,
        AVG(`virtual_library`.`marks`.`value`) AS `avg_mark`
    FROM
        ((`virtual_library`.`book_marks`
        JOIN `virtual_library`.`marks` ON ((`virtual_library`.`marks`.`idmarks` = `virtual_library`.`book_marks`.`idmarks`)))
        JOIN `virtual_library`.`books` ON ((`virtual_library`.`books`.`idbooks` = `virtual_library`.`book_marks`.`idbooks`)))
    GROUP BY `virtual_library`.`books`.`idbooks`;

SET SQL_MODE=@OLD_SQL_MODE;
SET FOREIGN_KEY_CHECKS=@OLD_FOREIGN_KEY_CHECKS;
SET UNIQUE_CHECKS=@OLD_UNIQUE_CHECKS;

-- -----------------------------------------------------
-- Data for table `virtual_library`.`authors`
-- -----------------------------------------------------
START TRANSACTION;
USE `virtual_library`;
INSERT INTO `virtual_library`.`authors` (`idauthors`, `name`, `last_name`, `birth_date`) VALUES (1, 'Bram', 'Stoker', NULL);
INSERT INTO `virtual_library`.`authors` (`idauthors`, `name`, `last_name`, `birth_date`) VALUES (2, 'Lewis', 'Carol', NULL);
INSERT INTO `virtual_library`.`authors` (`idauthors`, `name`, `last_name`, `birth_date`) VALUES (3, 'Karol', 'Dickens', NULL);
INSERT INTO `virtual_library`.`authors` (`idauthors`, `name`, `last_name`, `birth_date`) VALUES (4, 'Rudyard', 'Kipling', NULL);
INSERT INTO `virtual_library`.`authors` (`idauthors`, `name`, `last_name`, `birth_date`) VALUES (5, 'J.K.', 'Rowling', NULL);
INSERT INTO `virtual_library`.`authors` (`idauthors`, `name`, `last_name`, `birth_date`) VALUES (6, 'Mary', 'Shelley', NULL);
INSERT INTO `virtual_library`.`authors` (`idauthors`, `name`, `last_name`, `birth_date`) VALUES (7, 'Ilona', 'Andrews', NULL);
INSERT INTO `virtual_library`.`authors` (`idauthors`, `name`, `last_name`, `birth_date`) VALUES (8, 'Hans Christian', 'Andersen', NULL);
INSERT INTO `virtual_library`.`authors` (`idauthors`, `name`, `last_name`, `birth_date`) VALUES (9, 'Bolesław', 'Leśmian', NULL);
INSERT INTO `virtual_library`.`authors` (`idauthors`, `name`, `last_name`, `birth_date`) VALUES (10, 'L.A.', 'Casey', NULL);
INSERT INTO `virtual_library`.`authors` (`idauthors`, `name`, `last_name`, `birth_date`) VALUES (11, 'Maria', 'Konopnicka', NULL);
INSERT INTO `virtual_library`.`authors` (`idauthors`, `name`, `last_name`, `birth_date`) VALUES (12, 'Henryk', 'Sienkiewicz', NULL);

COMMIT;


-- -----------------------------------------------------
-- Data for table `virtual_library`.`users`
-- -----------------------------------------------------
START TRANSACTION;
USE `virtual_library`;
INSERT INTO `virtual_library`.`users` (`idusers`, `email`, `password`, `sex`, `username`) VALUES (1, 'anna.pol@wp.pl', 'qwerty', 'F', 'Ania');
INSERT INTO `virtual_library`.`users` (`idusers`, `email`, `password`, `sex`, `username`) VALUES (2, 'karol_graczyk', 'qwerty', 'M', 'Karolek');

COMMIT;


-- -----------------------------------------------------
-- Data for table `virtual_library`.`marks`
-- -----------------------------------------------------
START TRANSACTION;
USE `virtual_library`;
INSERT INTO `virtual_library`.`marks` (`idmarks`, `value`) VALUES (1, 0);
INSERT INTO `virtual_library`.`marks` (`idmarks`, `value`) VALUES (2, 1);
INSERT INTO `virtual_library`.`marks` (`idmarks`, `value`) VALUES (3, 2);
INSERT INTO `virtual_library`.`marks` (`idmarks`, `value`) VALUES (4, 3);
INSERT INTO `virtual_library`.`marks` (`idmarks`, `value`) VALUES (5, 4);
INSERT INTO `virtual_library`.`marks` (`idmarks`, `value`) VALUES (6, 5);

COMMIT;


-- -----------------------------------------------------
-- Data for table `virtual_library`.`categories`
-- -----------------------------------------------------
START TRANSACTION;
USE `virtual_library`;
INSERT INTO `virtual_library`.`categories` (`idcategories`, `name`) VALUES (1, 'urban fantasy');
INSERT INTO `virtual_library`.`categories` (`idcategories`, `name`) VALUES (2, 'fantastyka');
INSERT INTO `virtual_library`.`categories` (`idcategories`, `name`) VALUES (3, 'romans');
INSERT INTO `virtual_library`.`categories` (`idcategories`, `name`) VALUES (4, 'historyczna');
INSERT INTO `virtual_library`.`categories` (`idcategories`, `name`) VALUES (5, 'literatura piękna');
INSERT INTO `virtual_library`.`categories` (`idcategories`, `name`) VALUES (6, 'kryminał');
INSERT INTO `virtual_library`.`categories` (`idcategories`, `name`) VALUES (7, 'klasyka');
INSERT INTO `virtual_library`.`categories` (`idcategories`, `name`) VALUES (8, 'literatura młodzieżowa');

COMMIT;


-- -----------------------------------------------------
-- Data for table `virtual_library`.`books`
-- -----------------------------------------------------
START TRANSACTION;
USE `virtual_library`;
INSERT INTO `virtual_library`.`books` (`idbooks`, `idauthors`, `title`, `publish_date`, `ID_NUMBER`, `publisher`, `add_date`, `synopsis`, `image`, `text`, `idcategories`, `original_title`, `language`) VALUES (1, 1, 'Drakula', '2013-08-16', 'Project Gutenberg #345', 'NEW YORK GROSSET & DUNLAP Publishers', NULL, 'Jonathan Harker, młody, naiwny prawnik, wyrusza w podróż do Transylwanii na spotkanie z hrabią Draculą, który przymierza się do przyjazdu do Anglii. Na miejscu wychodzi na jaw, że ekscentryczny arystokrata nie jest tym, kim się wydaje być, a jego plany mają krwawy, zbrodniczy wymiar. Życie Jonathana zawisa na włosku. Tymczasem w Anglii Mina niecierpliwie wyczekuje powrotu narzeczonego…', 'img/Dracula_by_Bram_Stoker.jpg', 'src/Dracula_by_Bram_Stoker.epub', 7, 'Dracula', 'angielski');
INSERT INTO `virtual_library`.`books` (`idbooks`, `idauthors`, `title`, `publish_date`, `ID_NUMBER`, `publisher`, `add_date`, `synopsis`, `image`, `text`, `idcategories`, `original_title`, `language`) VALUES (2, 2, 'Przygody Alicji w Krainie Czarów', '2006-04-12', 'Project Gutenberg #19033', 'SAM\'L GABRIEL SONS & COMPANY', NULL, 'Pewnego dnia Alicja wpada do króliczej nory i tym samym do świata przypominającego sen. Dziewczynka raz rośnie, raz maleje po wypiciu tajemniczego napoju i zjedzeniu ciastka. Na swojej drodze spotyka mnóstwo dziwnych postaci m.in. Pana Gąsienicę palącego fajkę wodną, Postrzelonego Zajączka, gniewną Królową Kier. Przed powrotem do rzeczywistości Alicja gra w szalonąpartię krokieta z talią kart…', 'img/Alice_in_Wonderland_by_Lewis_Carroll.jpg', 'src/Alice_in_Wonderland_by_Lewis_Carroll.epub', 2, 'Alice Adventures  in Wonderland', 'angielski');
INSERT INTO `virtual_library`.`books` (`idbooks`, `idauthors`, `title`, `publish_date`, `ID_NUMBER`, `publisher`, `add_date`, `synopsis`, `image`, `text`, `idcategories`, `original_title`, `language`) VALUES (3, 2, 'Alicja po drugiej stronie lustra', '1991-02-01', 'Project Gutenberg #12', 'The Millennium Fulcrum', NULL, 'Czy zastanawialiście się kiedyś, co kryje się po drugiej stronie lustra?', 'img/Through_the_Looking-Glass.jpg', 'src/Through_the_Looking-Glass_by_Lewis_Carroll.epub', 2, 'THROUGH THE LOOKING-GLASS', 'angielski');
INSERT INTO `virtual_library`.`books` (`idbooks`, `idauthors`, `title`, `publish_date`, `ID_NUMBER`, `publisher`, `add_date`, `synopsis`, `image`, `text`, `idcategories`, `original_title`, `language`) VALUES (4, 6, 'Frankenstein', '2008-06-17', 'Project Gutenberg #84', '-', NULL, 'Angielski żeglarz Robert Walton utknął wśród arktycznych lodów. Pewnego dnia do jego statku dociera na saniach wycieńczony rozbitek: szwajcarski przyrodnik Wiktor Frankenstein. Gdy odzyskuje siły, rozpoczyna niesamowitą opowieść o najwspanialszym i najstraszniejszym dziele swego życia: ulepionej w laboratorium ludzkiej istocie, która obróciła się przeciwko niemu…', 'img/Frankenstein.jpg', 'src/Frankenstein_by_Mary_Wollstonecraft_Shelley.epub', 6, 'Frankenstein, or the Modern Prometheus', 'angielski');
INSERT INTO `virtual_library`.`books` (`idbooks`, `idauthors`, `title`, `publish_date`, `ID_NUMBER`, `publisher`, `add_date`, `synopsis`, `image`, `text`, `idcategories`, `original_title`, `language`) VALUES (5, 12, 'Pan Wołodyjowski', '2009-12-22', 'ISBN-978-83-288-3896-3', 'wolnelektury.pl', NULL, 'Pan Wołodyjowski to trzecia część pisanej ku pokrzepieniu serc Trylogii Henryka Sienkiewicza.', 'img/pan-wolodyjowski.jpg', 'src/pan-wolodyjowski.epub', 4, 'Pan Wołodyjowski', 'polski');
INSERT INTO `virtual_library`.`books` (`idbooks`, `idauthors`, `title`, `publish_date`, `ID_NUMBER`, `publisher`, `add_date`, `synopsis`, `image`, `text`, `idcategories`, `original_title`, `language`) VALUES (6, 12, 'Ogniem i mieczem', '2010-09-27', 'ISBN-978-83-288-3892-5', 'wolnelektury.pl', NULL, 'Ogniem i mieczem to pierwsza część pisanej ku pokrzepieniu serc Trylogii Henryka Sienkiewicza.', 'img/ogniem-i-mieczem.jpg', 'src/ogniem-i-mieczem.epub', 4, 'Ogniem i mieczem', 'polski');
INSERT INTO `virtual_library`.`books` (`idbooks`, `idauthors`, `title`, `publish_date`, `ID_NUMBER`, `publisher`, `add_date`, `synopsis`, `image`, `text`, `idcategories`, `original_title`, `language`) VALUES (7, 12, 'Potop', '2009-09-22', 'ISBN-978-83-288-3899-4', 'wolnelektury.pl', NULL, 'Potop to druga część pisanej ku pokrzepieniu serc Trylogii Henryka Sienkiewicza.', 'img/potop.jpg', 'src/potop.epub', 4, 'Potop', 'polski');
INSERT INTO `virtual_library`.`books` (`idbooks`, `idauthors`, `title`, `publish_date`, `ID_NUMBER`, `publisher`, `add_date`, `synopsis`, `image`, `text`, `idcategories`, `original_title`, `language`) VALUES (8, 8, 'Brzydkie kaczątko', '2007-08-14', 'ISBN-978-83-288-3002-8', 'wolnelektury.pl', NULL, 'Brzydkie kaczątko to jedna z najsłynniejszych baśni J. Ch. Andersena. To historia pisklęcia, które wykluło się i wychowało w kaczej rodzinie i jako inne, większe, brzydsze od żółtych kaczątek, przez długi czas musiało znosić przykre słowa i szyderstwa.', 'img/brzydkie-kaczatko.jpg', 'src/brzydkie-kaczatko.epub', 8, 'Brzydkie kaczątko', 'polski');
INSERT INTO `virtual_library`.`books` (`idbooks`, `idauthors`, `title`, `publish_date`, `ID_NUMBER`, `publisher`, `add_date`, `synopsis`, `image`, `text`, `idcategories`, `original_title`, `language`) VALUES (9, 4, 'Księga dżungli', '2009-03-31', 'ISBN-978-83-288-3346-3', 'wolnelektury.pl', NULL, 'Mauli, chłopiec wychowany przez wilki w dżungli i przyjęty do społeczności, musi niebawem opuścić dżunglę — jest już prawie dorosłym człowiekiem i musi wrócić do ludzi.', 'img/ksiega-dzungli.jpg', 'src/ksiega-dzungli.epub', 8, 'Księga dżungli', 'polski');
INSERT INTO `virtual_library`.`books` (`idbooks`, `idauthors`, `title`, `publish_date`, `ID_NUMBER`, `publisher`, `add_date`, `synopsis`, `image`, `text`, `idcategories`, `original_title`, `language`) VALUES (10, 9, 'Klechdy polskie', '2010-05-17', 'ISBN-978-83-288-3491-0', 'wolnelektury.pl', NULL, 'Klechdy polskie to zbiór utworów Bolesława Leśmiana, które po raz pierwszy zostały wydane w 1956 roku, prawie 20 lat po śmierci pisarza.', 'img/klechdy-polskie.jpg', 'src/klechdy-polskie.epub', 5, 'Klechdy polskie', 'polski');
INSERT INTO `virtual_library`.`books` (`idbooks`, `idauthors`, `title`, `publish_date`, `ID_NUMBER`, `publisher`, `add_date`, `synopsis`, `image`, `text`, `idcategories`, `original_title`, `language`) VALUES (11, 5, 'Harry Potter i Czara Ognia', '2000-07-08', 'ISBN-978-06-881-2050-2', 'Bloomsbury Publishing', NULL, 'W tym roku w Szkole Magii i Czarodziejstwa Hogwart rozegra się Turniej Trójmagiczny, na który przybędą uczniowie z Bułgarii i Francjii. Zgodnie z prastarymi regułami w turnieju uczestniczyć ma trzech uczniów - reprezentantów każdej ze szkół, wybranych przez Czarę Ognia. W tajemniczych i niewyjaśnionych okolicznościach wybranych zostaje czterech.', 'img/harry_potter_cover.jpeg', 'src/HP4.epub', 8, 'Harry Potter and the Goblet of Fire', 'angielski');
INSERT INTO `virtual_library`.`books` (`idbooks`, `idauthors`, `title`, `publish_date`, `ID_NUMBER`, `publisher`, `add_date`, `synopsis`, `image`, `text`, `idcategories`, `original_title`, `language`) VALUES (12, 5, 'Harry Potter i kamień filizoficzny', '1997-06-26', 'ISBN-978-06-881-2049-9', 'Bloomsbury Publishing', NULL, 'Harry Potter, sierota i podrzutek, od niemowlęcia wychowywany był przez ciotkę i wuja, którzy traktowali go jak piąte koło u wozu. Pochodzenie chłopca owiane jest tajemnicą; jedyną pamiątką Harry`ego z przeszłości jest zagadkowa blizna na czole. Skąd jednak biorą się niesamowite zjawiska, które towarzyszą nieświadomemu niczego Potterowi? Wszystko zmienia się w dniu jedenastych urodzin chłopca, kiedy dowiaduje się o istnieniu świata, o którym nie miał dotąd pojęcia.', 'img/harry_potter_2.jpeg', 'src/ThePhilosopherStone.epub', 8, 'Harry Potter and the Philosopher\'s Stone', 'angielski');
INSERT INTO `virtual_library`.`books` (`idbooks`, `idauthors`, `title`, `publish_date`, `ID_NUMBER`, `publisher`, `add_date`, `synopsis`, `image`, `text`, `idcategories`, `original_title`, `language`) VALUES (13, 5, 'Harry Potter i komnata tajemnic', '1998-07-02', 'ISBN-978-06-881-2050-0', 'Bloomsbury Publishing', NULL, 'Harry po pełnym przygód roku w Hogwarcie spędza nudne wakacje u Dursleyów i z utęsknieniem wyczekuje powrotu do szkoły. Sprawy jednak znacznie się komplikują, gdy pewnego dnia odwiedza go tajemniczy przybysz i ostrzega przed… powrotem do Szkoły Magii i Czarodziejstwa, gdzie ma dojść do strasznych wydarzeń. Czy Harry posłucha ostrzeżenia? Co złego ma się wydarzyć w Hogwarcie? Jakie tajemnice skrywa rodzina Malforya? I najważniejsze – czym jest i gdzie znajduje się tytułowa Komnata Tajemnic?', 'img/harry_potter_3.jpg', 'src/TheChamberofSecrets.epub', 8, 'Harry Potter and the Chamber of Secrets', 'angielski');
INSERT INTO `virtual_library`.`books` (`idbooks`, `idauthors`, `title`, `publish_date`, `ID_NUMBER`, `publisher`, `add_date`, `synopsis`, `image`, `text`, `idcategories`, `original_title`, `language`) VALUES (14, 5, 'Harry Potter i więzień Azbakabu', '1999-07-08', 'ISBN-978-06-881-2050-1', 'Bloomsbury Publishing', NULL, 'Z pilnie strzeżonego więzienia dla czarodziejów ucieka niebezpieczny przestępca. Kim jest? Co go łączy z Harrym? Dlaczego lekcje przepowiadania przyszłości stają się dla bohatera udręką? W trzecim tomie przygód Harry`ego Pottera poznajemy nowego nauczyciela obrony przed czarną magią, oglądamy Hagrida w nowej roli oraz dowiadujemy się więcej o przeszłości profesora Snape`a. Wyprawiamy się również wraz z trzecioklasistami do obfitującego w atrakcje Hogsmeade, jedynej wioski w Anglii zamieszkanej wyłącznie przez czarodziejów.', 'img/harry_potter_4.jpeg', 'src/ThePrisonerOfAzkaban.epub', 8, 'Harry Potter and the Prisoner of Azkaban', 'angielski');
INSERT INTO `virtual_library`.`books` (`idbooks`, `idauthors`, `title`, `publish_date`, `ID_NUMBER`, `publisher`, `add_date`, `synopsis`, `image`, `text`, `idcategories`, `original_title`, `language`) VALUES (15, 5, 'Harry Potter i zakon Feniksa', '2003-06-21', 'ISBN-978-06-881-2050-3', 'Bloomsbury Publishing', NULL, 'Harry znów spędza nudne, samotne wakacje w domu Dursleyów. Czeka go piąty rok nauki w Hogwarcie i chciałby jak najszybciej spotkać się ze swoimi najlepszymi przyjaciółmi, Ronem i Hermioną. Ci jednak wyraźnie go zaniedbują. Gdy Harry ma już dość wszystkiego i postanawia zmienić swoją nieznośną sytuację, sprawy przyjmują całkiem nieoczekiwany obrót.', 'img/harry_potter_5.jpg', 'src/TheOrderofthePhoenix.epub', 8, 'Harry Potter and the Order of the Phoenix', 'angielski');
INSERT INTO `virtual_library`.`books` (`idbooks`, `idauthors`, `title`, `publish_date`, `ID_NUMBER`, `publisher`, `add_date`, `synopsis`, `image`, `text`, `idcategories`, `original_title`, `language`) VALUES (16, 5, 'Harry Potter i książe półkrwi', '2005-07-16', 'ISBN-978-06-881-2050-4', 'Bloomsbury Publishing', NULL, 'Po nieudanej próbie przechwycenia przepowiedni Lord Voldemort jest gotów uczynić wszystko, by zawładnąć światem czarodziejów. Organizuje tajemny zamach na swego przeciwnika, a narzędziem w jego ręku staje się jeden z uczniów. Czy jego plan się powiedzie? Szósta część przygód Harry’ego Pottera przynosi cenne informacje o matce Voldemorta, jego dzieciństwie oraz początkach kariery młodego Toma Riddle’a, które rzucą nowe światło na sylwetkę głównego antagonisty Pottera.', 'img/harry_potter_6.jpg', 'src/TheHalfBloodPrince.epub', 8, 'Harry Potter and the Half-Blood Prince', 'angielski');
INSERT INTO `virtual_library`.`books` (`idbooks`, `idauthors`, `title`, `publish_date`, `ID_NUMBER`, `publisher`, `add_date`, `synopsis`, `image`, `text`, `idcategories`, `original_title`, `language`) VALUES (17, 5, 'Harry Potter i Insygnia Śmierci', '2007-07-21', 'ISBN-978-06-881-2050-5', 'Bloomsbury Publishing', NULL, 'Po śmierci Dumbledore\'a Zakon Feniksa wzmaga swoją działalność, próbując przeciwstawić się coraz potężniejszym siłom śmierciożerców. Harry wraz z przyjaciółmi nie wraca do Hogwartu, tylko wyrusza z misją znalezienia sposobu na pokonanie Voldemorta. Wyprawa ta pełna niepewności i zwątpienia najeżona jest niebezpieczeństwami, a co gorsza nikt nie wie, czy zakończy się sukcesem i czy wszyscy dotrwają do jej końca.', 'img/harry_potter_7.jpg', 'src/TheDeathlyHallows.epub', 8, 'Harry Potter and the Deathly Hallows', 'angielski');
INSERT INTO `virtual_library`.`books` (`idbooks`, `idauthors`, `title`, `publish_date`, `ID_NUMBER`, `publisher`, `add_date`, `synopsis`, `image`, `text`, `idcategories`, `original_title`, `language`) VALUES (18, 3, 'Opowieść o dwóch miastach', '2004-11-28', 'Project Gutenberg #98', '-', NULL, '„Była to najlepsza i najgorsza z epok, wiek rozumu i wiek szaleństwa, czas wiary i czas zwątpienia, okres światła i okres mroków, wiosna pięknych nadziei i zima rozpaczy” – tak rozpoczyna swą niezwykłą „Opowieść o dwóch miastach” Charles Dickens.', 'img/A_Tale_of_Two_Cities.jpg', 'src/A_Tale_of_Two_Cities_by_Charles_Dickens.epub', 7, 'A Tale of Two Cities', 'angielski');
INSERT INTO `virtual_library`.`books` (`idbooks`, `idauthors`, `title`, `publish_date`, `ID_NUMBER`, `publisher`, `add_date`, `synopsis`, `image`, `text`, `idcategories`, `original_title`, `language`) VALUES (19, 11, 'O krasnoludkach i sierotce Marysi', '2010-07-06', 'ISBN-978-83-790-3073-6', 'wolnelektury.pl', NULL, 'O siedmiu krasnoludkach i sierotce Marysi to klasyka bajek dla najmłodszych. Krasnoludki wprost nie mogły doczekać się nadejścia wiosny spędzając kolejne tygodnie w swojej Kryształowej Grocie, w której było bardzo zimno. Błystek, król krasnoludków często wysyłał któregoś ze swych poddanych w nadziei, że ten znajdzie jakieś oznaki wiosny. W końcu wiosna nadeszła. Błystek wysłał nadwornego kronikarza, Koszałka Opałka na zewnątrz groty, aby opisał w swojej kronice wszystko, co zobaczy. Dzielny krasnal po krótkiej wędrówce dotarł do pewnej wsi, której mieszkańcy głowili się nad wielkim problemem...', 'img/o-krasnoludkach-i-sierotce-marysi.jpg', 'src/o-krasnoludkach-i-sierotce-marysi.epub', 7, 'O krasnoludkach i sierotce Marysi', 'polski');
INSERT INTO `virtual_library`.`books` (`idbooks`, `idauthors`, `title`, `publish_date`, `ID_NUMBER`, `publisher`, `add_date`, `synopsis`, `image`, `text`, `idcategories`, `original_title`, `language`) VALUES (20, 10, 'Dopóki Harry...', '2016-07-01', 'ISBN-978-15-039-3660-7', 'Montlake Romance', NULL, 'He was my best friend, my best not-really-big-brother, and my best protector.', 'img/UH.jpg', 'src/Until_Harry_by_L_A_Casey.epub', 3, 'Until Harry', 'angielski');
INSERT INTO `virtual_library`.`books` (`idbooks`, `idauthors`, `title`, `publish_date`, `ID_NUMBER`, `publisher`, `add_date`, `synopsis`, `image`, `text`, `idcategories`, `original_title`, `language`) VALUES (21, 7, 'Clean Sweep', '2013-12-02', 'ISBN-978-16-251-7343-0', 'Ilona Andrews ', NULL, 'On the outside, Dina Demille is the epitome of normal. She runs a quaint Victorian Bed and Breakfast in a small Texas town, owns a Shih Tzu named Beast, and is a perfect neighbor, whose biggest problem should be what to serve her guests for breakfast. But Dina is...different: Her broom is a deadly weapon; her Inn is magic and thinks for itself. Meant to be a lodging for otherworldly visitors, the only permanent guest is a retired Galactic aristocrat who can’t leave the grounds because she’s responsible for the deaths of millions and someone might shoot her on sight. Under the circumstances, \"normal\" is a bit of a stretch for Dina. And now, something with wicked claws and deepwater teeth has begun to hunt at night....Feeling responsible for her neighbors, Dina decides to get involved. Before long, she has to juggle dealing with the annoyingly attractive, ex-military, new neighbor, Sean Evans—an alpha-strain werewolf—and the equally arresting cosmic vampire soldier, Arland, while trying to keep her inn and its guests safe. But the enemy she’s facing is unlike anything she’s ever encountered before. It’s smart, vicious, and lethal, and putting herself between this creature and her neighbors might just cost her everything.', 'img/Clean-Sweep-Cover-Small.jpg', 'src/Ilona_Andrews_-_Clean_Sweep_1.epub', 1, 'Clean Sweep', 'angielski');
INSERT INTO `virtual_library`.`books` (`idbooks`, `idauthors`, `title`, `publish_date`, `ID_NUMBER`, `publisher`, `add_date`, `synopsis`, `image`, `text`, `idcategories`, `original_title`, `language`) VALUES (22, 7, 'Sweep in Peace', '2015-02-13', 'ISBN-978-19-437-7232-2', 'Ilona Andrews ', NULL, 'Dina DeMille doesn’t run your typical Bed and Breakfast. Her inn is a living entity that defies laws of physics, her fluffy dog is secretly a monster, and the only paying guest is a former Galactic tyrant with a price on her head.  But the inn needs guests to thrive, and guests have been scarce, so when an Arbitrator shows up at Dina’s door and asks her to host a peace summit between three warring species, she jumps on the chance.', 'img/SiP_cover.jpg', 'src/Ilona_Andrews_-_Sweep_in_Peace.epub', 1, 'Sweep in Peace', 'angielski');

COMMIT;


-- -----------------------------------------------------
-- Data for table `virtual_library`.`book_marks`
-- -----------------------------------------------------
START TRANSACTION;
USE `virtual_library`;
INSERT INTO `virtual_library`.`book_marks` (`idbook_marks`, `idbooks`, `idmarks`, `idusers`, `date`) VALUES (DEFAULT, 1, 6, 1, NULL);
INSERT INTO `virtual_library`.`book_marks` (`idbook_marks`, `idbooks`, `idmarks`, `idusers`, `date`) VALUES (DEFAULT, 2, 4, 2, NULL);
INSERT INTO `virtual_library`.`book_marks` (`idbook_marks`, `idbooks`, `idmarks`, `idusers`, `date`) VALUES (DEFAULT, 3, 1, NULL, NULL);
INSERT INTO `virtual_library`.`book_marks` (`idbook_marks`, `idbooks`, `idmarks`, `idusers`, `date`) VALUES (DEFAULT, 4, 1, NULL, NULL);
INSERT INTO `virtual_library`.`book_marks` (`idbook_marks`, `idbooks`, `idmarks`, `idusers`, `date`) VALUES (DEFAULT, 5, 1, NULL, NULL);
INSERT INTO `virtual_library`.`book_marks` (`idbook_marks`, `idbooks`, `idmarks`, `idusers`, `date`) VALUES (DEFAULT, 6, 1, NULL, NULL);
INSERT INTO `virtual_library`.`book_marks` (`idbook_marks`, `idbooks`, `idmarks`, `idusers`, `date`) VALUES (DEFAULT, 7, 1, NULL, NULL);
INSERT INTO `virtual_library`.`book_marks` (`idbook_marks`, `idbooks`, `idmarks`, `idusers`, `date`) VALUES (DEFAULT, 8, 1, NULL, NULL);
INSERT INTO `virtual_library`.`book_marks` (`idbook_marks`, `idbooks`, `idmarks`, `idusers`, `date`) VALUES (DEFAULT, 9, 1, NULL, NULL);
INSERT INTO `virtual_library`.`book_marks` (`idbook_marks`, `idbooks`, `idmarks`, `idusers`, `date`) VALUES (DEFAULT, 10, 1, NULL, NULL);
INSERT INTO `virtual_library`.`book_marks` (`idbook_marks`, `idbooks`, `idmarks`, `idusers`, `date`) VALUES (DEFAULT, 11, 1, NULL, NULL);
INSERT INTO `virtual_library`.`book_marks` (`idbook_marks`, `idbooks`, `idmarks`, `idusers`, `date`) VALUES (DEFAULT, 12, 1, NULL, NULL);
INSERT INTO `virtual_library`.`book_marks` (`idbook_marks`, `idbooks`, `idmarks`, `idusers`, `date`) VALUES (DEFAULT, 13, 1, NULL, NULL);
INSERT INTO `virtual_library`.`book_marks` (`idbook_marks`, `idbooks`, `idmarks`, `idusers`, `date`) VALUES (DEFAULT, 14, 1, NULL, NULL);
INSERT INTO `virtual_library`.`book_marks` (`idbook_marks`, `idbooks`, `idmarks`, `idusers`, `date`) VALUES (DEFAULT, 15, 1, NULL, NULL);
INSERT INTO `virtual_library`.`book_marks` (`idbook_marks`, `idbooks`, `idmarks`, `idusers`, `date`) VALUES (DEFAULT, 16, 1, NULL, NULL);
INSERT INTO `virtual_library`.`book_marks` (`idbook_marks`, `idbooks`, `idmarks`, `idusers`, `date`) VALUES (DEFAULT, 17, 1, NULL, NULL);
INSERT INTO `virtual_library`.`book_marks` (`idbook_marks`, `idbooks`, `idmarks`, `idusers`, `date`) VALUES (DEFAULT, 18, 1, NULL, NULL);
INSERT INTO `virtual_library`.`book_marks` (`idbook_marks`, `idbooks`, `idmarks`, `idusers`, `date`) VALUES (DEFAULT, 19, 1, NULL, NULL);
INSERT INTO `virtual_library`.`book_marks` (`idbook_marks`, `idbooks`, `idmarks`, `idusers`, `date`) VALUES (DEFAULT, 20, 1, NULL, NULL);
INSERT INTO `virtual_library`.`book_marks` (`idbook_marks`, `idbooks`, `idmarks`, `idusers`, `date`) VALUES (DEFAULT, 21, 1, NULL, NULL);
INSERT INTO `virtual_library`.`book_marks` (`idbook_marks`, `idbooks`, `idmarks`, `idusers`, `date`) VALUES (DEFAULT, 22, 1, NULL, NULL);

COMMIT;


-- -----------------------------------------------------
-- Data for table `virtual_library`.`series`
-- -----------------------------------------------------
START TRANSACTION;
USE `virtual_library`;
INSERT INTO `virtual_library`.`series` (`idseries`, `series_name`, `idauthors`, `how_many_in_series`) VALUES (1, 'Alicja w Krainie Czarów', 2, 2);
INSERT INTO `virtual_library`.`series` (`idseries`, `series_name`, `idauthors`, `how_many_in_series`) VALUES (2, 'Trylogia', 12, 3);
INSERT INTO `virtual_library`.`series` (`idseries`, `series_name`, `idauthors`, `how_many_in_series`) VALUES (3, 'Harry Potter', 5, 7);
INSERT INTO `virtual_library`.`series` (`idseries`, `series_name`, `idauthors`, `how_many_in_series`) VALUES (4, 'Inkeeper Chronicles', 7, 2);

COMMIT;


-- -----------------------------------------------------
-- Data for table `virtual_library`.`book_series`
-- -----------------------------------------------------
START TRANSACTION;
USE `virtual_library`;
INSERT INTO `virtual_library`.`book_series` (`idbook_series`, `idseries`, `idbooks`, `vol_in_series`) VALUES (DEFAULT, 2, 5, 1);
INSERT INTO `virtual_library`.`book_series` (`idbook_series`, `idseries`, `idbooks`, `vol_in_series`) VALUES (DEFAULT, 2, 6, 2);
INSERT INTO `virtual_library`.`book_series` (`idbook_series`, `idseries`, `idbooks`, `vol_in_series`) VALUES (DEFAULT, 2, 7, 3);
INSERT INTO `virtual_library`.`book_series` (`idbook_series`, `idseries`, `idbooks`, `vol_in_series`) VALUES (DEFAULT, 3, 11, 4);
INSERT INTO `virtual_library`.`book_series` (`idbook_series`, `idseries`, `idbooks`, `vol_in_series`) VALUES (DEFAULT, 3, 12, 1);
INSERT INTO `virtual_library`.`book_series` (`idbook_series`, `idseries`, `idbooks`, `vol_in_series`) VALUES (DEFAULT, 3, 13, 2);
INSERT INTO `virtual_library`.`book_series` (`idbook_series`, `idseries`, `idbooks`, `vol_in_series`) VALUES (DEFAULT, 3, 14, 3);
INSERT INTO `virtual_library`.`book_series` (`idbook_series`, `idseries`, `idbooks`, `vol_in_series`) VALUES (DEFAULT, 3, 15, 5);
INSERT INTO `virtual_library`.`book_series` (`idbook_series`, `idseries`, `idbooks`, `vol_in_series`) VALUES (DEFAULT, 3, 16, 6);
INSERT INTO `virtual_library`.`book_series` (`idbook_series`, `idseries`, `idbooks`, `vol_in_series`) VALUES (DEFAULT, 3, 17, 7);
INSERT INTO `virtual_library`.`book_series` (`idbook_series`, `idseries`, `idbooks`, `vol_in_series`) VALUES (DEFAULT, 4, 21, 1);
INSERT INTO `virtual_library`.`book_series` (`idbook_series`, `idseries`, `idbooks`, `vol_in_series`) VALUES (DEFAULT, 4, 22, 2);
INSERT INTO `virtual_library`.`book_series` (`idbook_series`, `idseries`, `idbooks`, `vol_in_series`) VALUES (DEFAULT, 1, 2, 1);
INSERT INTO `virtual_library`.`book_series` (`idbook_series`, `idseries`, `idbooks`, `vol_in_series`) VALUES (DEFAULT, 1, 3, 2);

COMMIT;


-- -----------------------------------------------------
-- Data for table `virtual_library`.`status`
-- -----------------------------------------------------
START TRANSACTION;
USE `virtual_library`;
INSERT INTO `virtual_library`.`status` (`idstatus`, `status`) VALUES (1, 'przeczytana');
INSERT INTO `virtual_library`.`status` (`idstatus`, `status`) VALUES (2, 'chce_przeczytac');
INSERT INTO `virtual_library`.`status` (`idstatus`, `status`) VALUES (3, 'czytam');

COMMIT;

